round,train,validation,gap
1,0.2169883005370744,0.2235587357282349,0.00657043519116049
2,0.2107292932227649,0.21744226879451967,0.0067129755717547646
3,0.2050201313253678,0.2118289668199537,0.006808835494585885
4,0.1992688558573011,0.2060701925818363,0.006801336724535173
5,0.19383949230270325,0.200727593659362,0.006888101356658738
6,0.18890506283929814,0.19598466274464804,0.007079599905349898
7,0.1840300112305104,0.19117569683431643,0.007145685603806018
8,0.17960416999107554,0.18672086624851852,0.007116696257442989
9,0.17521823371574835,0.18245872635824267,0.007240492642494323
10,0.1710916378386396,0.17845174521178628,0.007360107373146685
11,0.16734475407284832,0.17462072357633723,0.0072759695034889105
12,0.16361384295045012,0.17097221268534435,0.007358369734894232
13,0.16010607933580703,0.16760174062492605,0.007495661289119021
14,0.15678895819651598,0.16444053557509836,0.00765157737858238
15,0.15344420037451345,0.16123773812462328,0.007793537750109825
16,0.15041645350002283,0.15825358451599036,0.00783713101596753
17,0.14756063019720786,0.15537123801126315,0.007810607814055293
18,0.14472595028478316,0.15265505644867983,0.007929106163896665
19,0.14204390826157176,0.1500403561791506,0.007996447917578836
20,0.1395209767752527,0.14758829667573173,0.008067319900479042
21,0.1371210402974046,0.14524789182360182,0.008126851526197215
22,0.1347244411819833,0.1429422996865448,0.008217858504561498
23,0.13248314001671527,0.14079474389669314,0.008311603879977869
24,0.1303198094839049,0.1386581385698636,0.00833832908595869
25,0.1282742367475855,0.13664673920200893,0.00837250245442342
26,0.1263558183608211,0.1346916784440623,0.008335860083241192
27,0.12452899206913022,0.13292339992478583,0.008394407855655608
28,0.12268817808068666,0.13116722636587494,0.008479048285188279
29,0.12099439163945774,0.12949277224738176,0.008498380607924017
30,0.1193643398505448,0.127922919854496,0.008558580003951197
31,0.11773879818679925,0.1262998126453718,0.008561014458572547
32,0.11629965126833276,0.1249071101678361,0.008607458899503331
33,0.11489180234866805,0.12353247186520358,0.008640669516535526
34,0.11352458523003583,0.1222172655385628,0.008692680308526962
35,0.11226231860964676,0.12097271540082688,0.008710396791180117
36,0.11096050201049074,0.11973561868766693,0.00877511667717619
37,0.10973805087954858,0.11851226054425733,0.008774209664708751
38,0.10861062141504386,0.11737441867412048,0.008763797259076611
39,0.10746127410972124,0.11626141224838833,0.00880013813866709
40,0.10637527180535591,0.11523341274916922,0.008858140943813306
41,0.10539316283597044,0.11428258481033113,0.008889421974360684
42,0.10440154560635133,0.11329035974011009,0.008888814133758763
43,0.10349388565738789,0.1123825479537165,0.008888662296328606
44,0.10260775147353066,0.11150297017955434,0.00889521870602368
45,0.10174736182845044,0.110663163240179,0.008915801411728555
46,0.10087380237891047,0.10983499739671881,0.008961195017808343
47,0.10009718483146186,0.10902527814007784,0.008928093308615978
48,0.0994145194000685,0.10832188057814489,0.00890736117807639
49,0.09868251382827511,0.10762210516626344,0.008939591337988329
50,0.09794073264362652,0.10694446241399012,0.009003729770363608
51,0.0972870591810141,0.10630110776393312,0.009014048582919015
52,0.09666178563218338,0.10565796497292923,0.008996179340745855
53,0.09603748848604639,0.10508587127941632,0.009048382793369933
54,0.09544294209001397,0.10451936604788747,0.009076423957873503
55,0.09487385917305227,0.10397771318818544,0.009103854015133167
56,0.09432514360815276,0.10346457017349682,0.009139426565344055
57,0.09379803702627386,0.1029936742227921,0.009195637196518239
58,0.0933127939446558,0.10251265228182257,0.009199858337166772
59,0.09280035655244634,0.10204701431855957,0.009246657766113234
60,0.09231370370417935,0.10159871977432638,0.009285016070147034
61,0.09189079549346889,0.10118480241282317,0.00929400691935428
62,0.09144482755092118,0.10078795648851778,0.009343128937596604
63,0.09102986575341586,0.10041472181346157,0.009384856060045715
64,0.09061220906222688,0.1000383441146556,0.00942613505242873
65,0.09023204805354397,0.0996840281563717,0.009451980102827731
66,0.08988503176116783,0.09937703583386688,0.009492004072699053
67,0.08953615945319006,0.09904362599696775,0.009507466543777696
68,0.0891956172544351,0.09871547997252904,0.009519862718093935
69,0.08887005100656444,0.09840765260241918,0.009537601595854747
70,0.0885626703724855,0.09809959243817581,0.009536922065690318
71,0.08826029858148515,0.09783073429207348,0.009570435710588326
72,0.08797610673590094,0.09756344699178683,0.009587340255885896
73,0.08768995570932682,0.0973136821230248,0.009623726413697978
74,0.08741288476801339,0.09707284900504443,0.00965996423703104
75,0.08716219225687985,0.0968539360608559,0.009691743803976055
76,0.08692234196122121,0.09664698514937631,0.009724643188155094
77,0.08667412599490543,0.0964256265193593,0.00975150052445388
78,0.0864518498098538,0.09621314229503046,0.009761292485176654
79,0.0862267520354502,0.09603789796067695,0.00981114592522675
80,0.08602180725195623,0.09586418343335223,0.00984237618139601
81,0.08580144044009809,0.09567444017605632,0.009872999735958232
82,0.08558982633393925,0.09548994703468051,0.009900120700741269
83,0.08539969187133972,0.09531945911957819,0.009919767248238467
84,0.085215490392519,0.09513558303265168,0.009920092640132688
85,0.0850273678136011,0.09498086179091361,0.009953493977312516
86,0.0848413418034277,0.09483605804267048,0.009994716239242779
87,0.08466798561318384,0.09470759822443739,0.010039612611253551
88,0.08450212165656942,0.09455835737683646,0.010056235720267037
89,0.08433515047476849,0.09442939078023783,0.010094240305469349
90,0.08418268268830045,0.09432703324243365,0.010144350554133194
91,0.08403193433500555,0.09419818351885291,0.010166249183847356
92,0.08388975863363975,0.09410041329095283,0.010210654657313079
93,0.08374514287959685,0.09400972793513916,0.010264585055542313
94,0.083602500592421,0.09389732584684822,0.010294825254427223
95,0.08346641249063948,0.09377419354791346,0.01030778105727398
96,0.08333561553935885,0.09368151632102627,0.010345900781667416
97,0.08321573764403466,0.09358181447262376,0.010366076828589102
98,0.08308834480559302,0.09350247977773031,0.010414134972137293
99,0.08297471949786794,0.09341654256769939,0.010441823069831449
100,0.08286924195866158,0.0933286504633591,0.010459408504697523
101,0.08275083722638779,0.09322925663700794,0.010478419410620152
102,0.08264544355221985,0.09316102839836314,0.010515584846143289
103,0.0825348592317723,0.09309081596066755,0.010555956728895255
104,0.08243415549848493,0.09301649449991438,0.01058233900142945
105,0.08232752956849086,0.09294367211845204,0.010616142549961183
106,0.08222438378888204,0.09287613448503211,0.01065175069615007
107,0.08212924863870909,0.09281866053163737,0.010689411892928283
108,0.08204277603861522,0.09277854879331286,0.010735772754697642
109,0.08195309021862464,0.09271956234580078,0.010766472127176144
110,0.08186919399388479,0.09267308654817981,0.010803892554295022
111,0.08178291419470826,0.09261362663298685,0.010830712438278586
112,0.08170034964435405,0.09256584234046902,0.010865492696114976
113,0.08161746418885292,0.09250714883560775,0.010889684646754827
114,0.08153722039892376,0.09246697260383063,0.01092975220490687
115,0.08145686908187708,0.09241737225267943,0.010960503170802355
116,0.08137902140931981,0.0923663579576956,0.01098733654837579
117,0.08129881917915475,0.09232584094954215,0.01102702177038739
118,0.08121914095756642,0.09226609297649233,0.011046952018925901
119,0.08115393579002173,0.0922396725081746,0.01108573671815287
120,0.08108921412674651,0.09220548478972747,0.01111627066298096
121,0.08101518682956778,0.09217145836492244,0.011156271535354659
122,0.08095052437084026,0.0921439481412616,0.011193423770421346
123,0.08088412549784199,0.09209355955886066,0.011209434061018667
124,0.08082800229702869,0.09205617061282473,0.011228168315796039
125,0.08077083284048614,0.09203676982305846,0.01126593698257232
126,0.08071234228231268,0.09201048755578968,0.011298145273477
127,0.08065513131418654,0.09198559275093696,0.011330461436750414
128,0.08059969648066474,0.09196037442093165,0.011360677940266906
129,0.08054035618898703,0.09192975177348893,0.011389395584501902
130,0.080484267747036,0.09189928683102837,0.011415019083992367
131,0.08043309967512079,0.0918726169112589,0.01143951723613812
132,0.08038468301477114,0.09185501714880609,0.011470334134034949
133,0.08033411684520357,0.0918358372784995,0.011501720433295934
134,0.08028490475499106,0.09180786208301052,0.01152295732801946
135,0.08022987358676345,0.09178058112410814,0.01155070753734469
136,0.08017255142789043,0.09174265039019064,0.011570098962300213
137,0.08012293981230469,0.09172445825307142,0.011601518440766734
138,0.08007600733346178,0.09170456710946233,0.011628559776000552
139,0.08003433745799894,0.09168720453913096,0.011652867081132015
140,0.07999193261824393,0.09167591795662602,0.011683985338382094
141,0.07995039304577559,0.09166451540405238,0.01171412235827679
142,0.07990494730782799,0.09164409307604256,0.011739145768214568
143,0.07986432097705408,0.09162253048353969,0.011758209506485609
144,0.07982682610628979,0.09161067205021836,0.011783845943928575
145,0.07978692031806174,0.09158891943968248,0.011801999121620735
146,0.07975067904969396,0.09157224973362442,0.011821570683930457
147,0.07971363600988536,0.0915632666788025,0.011849630668917144
148,0.07967140870176219,0.0915354929518528,0.011864084250090612
149,0.07963251144895474,0.09152311212082388,0.011890600671869145
150,0.07959916975946135,0.09150661963108239,0.01190744987162104
151,0.07956071962408463,0.09149174467717179,0.011931025053087158
152,0.07952932298807391,0.09148214273020173,0.011952819742127821
153,0.0794935288539258,0.09147793459224758,0.011984405738321782
154,0.07946586181771037,0.09147317026259202,0.012007308444881654
155,0.0794328240815136,0.09146787829241083,0.012035054210897234
156,0.0794032968043799,0.09145757939468441,0.012054282590304513
157,0.07936808535013737,0.09143835353853427,0.012070268188396904
158,0.07933882931970722,0.09143342084337774,0.012094591523670525
159,0.07930601679219222,0.09141572166402351,0.012109704871831287
160,0.07927690271563202,0.09141394263953265,0.012137039923900625
161,0.07925222385377344,0.09140699395264053,0.01215477009886709
162,0.0792148092343067,0.0913947703394709,0.0121799611051642
163,0.07918409019646977,0.09139988586284846,0.01221579566637869
164,0.0791578638146786,0.09139648621310507,0.012238622398426477
165,0.07912116193522331,0.09138567449843887,0.012264512563215563
166,0.07909573478263568,0.09138653616440666,0.01229080138177098
167,0.07907177074040908,0.09138205211439203,0.012310281373982948
168,0.07904646842411274,0.09137731712532425,0.012330848701211511
169,0.07902334815754967,0.09137492870729438,0.012351580549744709
170,0.07900157041174163,0.09136954138983774,0.01236797097809611
171,0.07897585800939376,0.09136642590537462,0.012390567895980864
172,0.07895265976819547,0.0913543238187345,0.012401664050539024
173,0.07892470557577003,0.09135757941023734,0.012432873834467312
174,0.07890237951885991,0.09135821263527193,0.012455833116412018
175,0.07887675896740791,0.09135284103926343,0.012476082071855521
176,0.07885036525478743,0.09134851584416503,0.012498150589377602
177,0.07882412325963499,0.0913467127815417,0.012522589521906713
178,0.07879257807400981,0.09134512365691959,0.012552545582909774
179,0.07875884441379793,0.09132902613796688,0.012570181724168947
180,0.07872741676702354,0.0913129803960932,0.012585563629069665
181,0.07870271652794121,0.09129796617741273,0.012595249649471521
182,0.07867527078043056,0.09129506759805567,0.012619796817625109
183,0.07864715879543109,0.09129034845575616,0.012643189660325072
184,0.07862132914384996,0.0912896053219515,0.01266827617810154
185,0.07859540491726903,0.09127374660259127,0.01267834168532224
186,0.07857651511285293,0.0912654276155919,0.012688912502738958
187,0.07855504684888934,0.09126764831591636,0.012712601467027018
188,0.07853201708081904,0.09126291366731863,0.01273089658649959
189,0.07850155025044622,0.09126145457877367,0.012759904328327451
190,0.07847875238915182,0.09125513123881057,0.012776378849658751
191,0.07846113221538878,0.09124779415990589,0.012786661944517108
192,0.0784363017969925,0.0912409149025894,0.012804613105596899
193,0.07840530418152,0.09123413232671376,0.01282882814519376
194,0.07838142593802058,0.09122966199164263,0.01284823605362205
195,0.07836604792478843,0.09122600421536192,0.012859956290573488
196,0.07834852798730514,0.09121960739602077,0.012871079408715624
197,0.07832944056187008,0.09121560343764033,0.012886162875770255
198,0.07830812590416993,0.09121902776528204,0.012910901861112115
199,0.07828959149308629,0.09121572198603534,0.01292613049294905
200,0.07827069142737896,0.09121533044995497,0.012944639022576018
201,0.0782545657605001,0.09121347902971139,0.01295891326921128
202,0.07822960685882854,0.09119760012415683,0.012967993265328284
203,0.07820711475041699,0.0911954013508894,0.01298828660047241
204,0.07818941767951641,0.09119626903007882,0.013006851350562412
205,0.07817282163135793,0.09119577372279107,0.013022952091433143
206,0.07815423092204622,0.09119382641096324,0.013039595488917019
207,0.07813295326401874,0.0911955122884293,0.013062559024410558
208,0.07811854971285305,0.09119380159034286,0.013075251877489813
209,0.0780974162234734,0.09119143377708314,0.01309401755360974
210,0.07808294342293105,0.09119047273819575,0.013107529315264696
211,0.07806106246607165,0.09119337747130758,0.013132315005235928
212,0.07804584262799134,0.09118764846055859,0.013141805832567244
213,0.07802378288642686,0.0911826747901877,0.013158891903760836
214,0.07800132286137318,0.09118073663960938,0.013179413778236199
215,0.07798191454747966,0.09118151676951189,0.01319960222203223
216,0.07796744583661919,0.09118060603169204,0.013213160195072848
217,0.07794941330356502,0.09118310692483056,0.013233693621265544
218,0.07792970545925332,0.09118299903129547,0.013253293572042149
219,0.07791504322682313,0.09118657325589755,0.013271530029074413
220,0.07789538952764262,0.09118614491662166,0.013290755388979045
221,0.07788049304047072,0.09118038814176482,0.013299895101294104
222,0.07786750817114876,0.09117531499245878,0.013307806821310011
223,0.07785243345776986,0.09117067096078739,0.013318237503017527
224,0.07784196195883081,0.09116919372293505,0.013327231764104247
225,0.07782441880626781,0.09115614509778015,0.013331726291512344
226,0.07780951574313845,0.09114696867657347,0.013337452933435023
227,0.07779122020510582,0.09114795415219748,0.013356733947091665
228,0.07777495333757566,0.09115573684504667,0.013380783507471017
229,0.07776091597344441,0.0911585267596228,0.01339761078617839
230,0.07774709234233616,0.09115793301658136,0.013410840674245195
231,0.07772642540425044,0.09115344820824302,0.013427022803992578
232,0.0777100349570828,0.09114787032160282,0.01343783536452002
233,0.0776883384838526,0.09113564481829242,0.013447306334439815
234,0.07765952053475568,0.09112179030109328,0.013462269766337603
235,0.07764557398574966,0.09112362101483541,0.013478047029085755
236,0.07763369673311327,0.09112171292324564,0.013488016190132374
237,0.07761629242020504,0.09112422329292066,0.013507930872715623
238,0.07759487911729394,0.0911164322942186,0.013521553176924661
239,0.07757693922462909,0.09111474109517861,0.013537801870549523
240,0.07756058805896739,0.09110779592325174,0.013547207864284358
241,0.0775431697352781,0.09110408183113244,0.013560912095854347
242,0.07752525738075666,0.09109812123610248,0.013572863855345813
243,0.07750899537252141,0.09109218626946798,0.013583190896946568
244,0.07749533837233355,0.0910934195631637,0.013598081190830155
245,0.07748233361185422,0.09109181845931535,0.013609484847461134
246,0.07746258448531589,0.09108945031767884,0.013626865832362958
247,0.07744593768873728,0.09109018170958913,0.013644244020851848
248,0.07742832031576175,0.09108992891429378,0.013661608598532035
249,0.07741350522384478,0.09109634656422505,0.013682841340380267
250,0.07740077667039794,0.09109796430756559,0.013697187637167652
251,0.07738335192614754,0.09109764349889443,0.013714291572746895
252,0.0773677498376317,0.09110107719628147,0.013733327358649766
253,0.07735229238030565,0.09110756171528445,0.013755269334978795
254,0.0773339328422636,0.09110526417892557,0.013771331336661974
255,0.07731785267734934,0.09110447707697936,0.01378662439963002
256,0.07730025239677116,0.09110041385807138,0.013800161461300225
257,0.07728284270905336,0.09109354940702051,0.013810706697967148
258,0.07726849009160836,0.09109569848106909,0.013827208389460735
259,0.07724998685220498,0.09110022802890498,0.013850241176700001
260,0.0772319810446249,0.0910975633248239,0.01386558228019899
261,0.07721855076038586,0.09109441681384742,0.013875866053461555
262,0.0771938863066362,0.09109395001643925,0.01390006370980304
263,0.07717660138901483,0.09108630368351936,0.013909702294504528
264,0.07716339066132769,0.09108611458439583,0.013922723923068148
265,0.07714864051698773,0.09108828240862112,0.01393964189163338
266,0.07713299590232717,0.09108599469737347,0.0139529987950463
267,0.07711798677988664,0.09108460754257382,0.013966620762687176
268,0.0771070516181075,0.09108855156019824,0.013981499942090733
269,0.07709438218559572,0.09109027744902366,0.01399589526342794
270,0.0770753080285211,0.0910943344698616,0.014019026441340496
271,0.07706554381679445,0.09109998891046159,0.014034445093667136
272,0.07705220397852508,0.09110262823377205,0.014050424255246968
273,0.0770366526523948,0.09110503365903141,0.014068381006636613
274,0.07702214210453334,0.09109300455506267,0.014070862450529326
275,0.07700218520989253,0.09109063818264007,0.014088452972747537
276,0.07698841190094333,0.0910913115246636,0.014102899623720272
277,0.07696947622346471,0.09108672282310781,0.014117246599643099
278,0.07695639817696154,0.09108373603132369,0.014127337854362154
279,0.07694693423715099,0.09108507346716835,0.01413813923001736
280,0.07693501192417053,0.09108746805831966,0.01415245613414913
281,0.07691979783626125,0.09108523693991893,0.014165439103657682
282,0.07690536105853674,0.09108174388722662,0.014176382828689882
283,0.07689202785625945,0.09108527685742583,0.014193249001166378
284,0.07688071782921917,0.0910856441775382,0.014204926348319033
285,0.07686669636728806,0.09108791374024672,0.014221217372958658
286,0.07685380608971387,0.09108527245648716,0.01423146636677329
287,0.07684153926310185,0.09108902862653033,0.014247489363428484
288,0.07682325914945967,0.09108149838900556,0.014258239239545889
289,0.07680954936226587,0.09108228914196316,0.014272739779697285
290,0.07679687970834892,0.09106878121499963,0.014271901506650711
291,0.07678632122522028,0.09107393052198241,0.014287609296762135
292,0.0767724791047955,0.0910737920166949,0.0143013129118994
293,0.07676354082910182,0.09107237707958293,0.014308836250481113
294,0.07674543300880968,0.09107643361588495,0.014331000607075275
295,0.07672661467577586,0.09107361064179242,0.01434699596601656
296,0.07671272152064836,0.09107556889945345,0.014362847378805096
297,0.07669773387242919,0.09107867719015127,0.014380943317722078
298,0.0766829398096602,0.09107947225330139,0.014396532443641183
299,0.07666590396188723,0.09108405368633357,0.014418149724446341
300,0.07665209157518205,0.0910836418898483,0.014431550314666253
301,0.07663921591795539,0.09108245994537964,0.014443244027424251
302,0.07662508386004212,0.09107849396968974,0.014453410109647624
303,0.07661237429263787,0.09108114953995229,0.014468775247314422
304,0.07659601267585317,0.09107360336443089,0.014477590688577721
305,0.07658425715570481,0.09107227881119086,0.014488021655486044
306,0.07657010388450664,0.0910775016336322,0.014507397749125558
307,0.07655953059287543,0.09107734794888284,0.014517817356007406
308,0.07654663492334904,0.091074280066944,0.014527645143594961
309,0.07653714789871938,0.09107795666585879,0.01454080876713941
310,0.07651283761997588,0.09108201261428413,0.014569174994308251
311,0.07649764934925946,0.09108175467192342,0.014584105322663965
312,0.07648701698226945,0.09107991556129659,0.014592898579027139
313,0.07647691671574623,0.09108586861017419,0.014608951894427957
314,0.07646514337604916,0.09108461993460668,0.014619476558557512
315,0.0764461027546535,0.091085237557047,0.01463913480239351
316,0.0764305487605861,0.09108650150510218,0.014655952744516088
317,0.07642036935843861,0.09108739003397551,0.014667020675536893
318,0.07640712944904202,0.09108458058979722,0.014677451140755207
319,0.07639001774694922,0.09109156382802015,0.014701546081070938
320,0.07637896762456257,0.09109150977471196,0.014712542150149388
321,0.07636414155213203,0.09109672981664296,0.014732588264510932
322,0.07635079700508225,0.09110181117603026,0.014751014170948012
323,0.07634220051629276,0.09110184390554231,0.014759643389249552
324,0.07633109850925388,0.09110449729152645,0.014773398782272573
325,0.07632162666858068,0.09110525193568488,0.014783625267104195
326,0.07630954793616578,0.09111248295442427,0.014802935018258495
327,0.07629545503510234,0.09111446053532517,0.014819005500222832
328,0.07628422548745202,0.09111510782840862,0.0148308823409566
329,0.07627363787990135,0.09111821775592457,0.014844579876023223
330,0.07625834591693927,0.09111975565325899,0.01486140973631972
331,0.07625050969940116,0.09112270069843202,0.014872190999030865
332,0.07623685521430845,0.09112488384567007,0.014888028631361613
333,0.0762237293922602,0.09111966222118653,0.014895932828926331
334,0.07621218822142593,0.09112254511890955,0.014910356897483615
335,0.07620103885045706,0.0911219831604415,0.014920944309984432
336,0.07618881978594334,0.09111935106681607,0.014930531280872725
337,0.0761732443490472,0.09112252839271183,0.014949284043664635
338,0.07616312920624613,0.09112777444339853,0.014964645237152407
339,0.07615262739901878,0.09112552531835497,0.01497289791933619
340,0.07614101507081789,0.09112379009921352,0.014982775028395637
341,0.07612952960173494,0.09112438206639559,0.014994852464660646
342,0.07611785775095467,0.09112588322521942,0.015008025474264747
343,0.0761001725300102,0.09112482814993374,0.015024655619923541
344,0.07608683554149484,0.09112457186649393,0.015037736324999093
345,0.0760740678673904,0.09112860545144548,0.015054537584055075
346,0.07605986780232131,0.09113315573104512,0.01507328792872381
347,0.07604964983386703,0.09113810557633194,0.01508845574246491
348,0.07604074734403281,0.09114280006870824,0.015102052724675435
349,0.07602779106426508,0.09113926082903215,0.015111469764767071
350,0.07601331485293311,0.09114214886134615,0.015128834008413042
351,0.07600008224345926,0.09113778080506249,0.015137698561603227
352,0.07599002108827986,0.0911418661057125,0.015151845017432636
353,0.075979008820533,0.09113959664418857,0.015160587823655564
354,0.07597083451042846,0.09113854336534694,0.015167708854918471
355,0.0759611363939917,0.09114096824054718,0.015179831846555483
356,0.07594731340445988,0.09114822588373936,0.015200912479279474
357,0.0759390241096608,0.09115158072723382,0.015212556617573023
358,0.07592540176615431,0.09114412070676792,0.015218718940613607
359,0.07591187697670837,0.09115042129083618,0.015238544314127814
360,0.07590027549251413,0.09114904208127995,0.015248766588765825
361,0.07588859729347505,0.09114933334555661,0.015260736052081558
362,0.07587806704135765,0.09115276988889366,0.015274702847536015
363,0.07586625393593181,0.09115381745065787,0.015287563514726057
364,0.07585838832113063,0.09115843065869816,0.01530004233756753
365,0.0758500089632828,0.0911605903190537,0.015310581355770903
366,0.07584228304096767,0.09115994738974964,0.01531766434878197
367,0.07583042520097927,0.09116108464031625,0.01533065943933698
368,0.07581862780313894,0.09116547511313089,0.015346847309991946
369,0.07580708461969744,0.0911697192762042,0.015362634656506752
370,0.07579466049831012,0.09116896295336253,0.015374302455052419
371,0.07578269066739761,0.09116943359016258,0.01538674292276497
372,0.07577060661149915,0.09117236396158719,0.015401757350088044
373,0.07576069969137979,0.09117321002811044,0.015412510336730648
374,0.0757529035560877,0.09117361012387817,0.015420706567790474
375,0.0757446800231572,0.09117587148700375,0.015431191463846555
376,0.07573460169893796,0.09118721568060585,0.01545261398166789
377,0.07572585283200417,0.09119016380413769,0.015464310972133521
378,0.07571329397876375,0.09119361528306047,0.015480321304296718
379,0.07570399025740997,0.09119655673759411,0.015492566480184142
380,0.07569371215512027,0.09119499919955992,0.015501287044439649
381,0.07568288869813407,0.09119581836711481,0.01551292966898074
382,0.07567203032267672,0.09119423102485544,0.015522200702178718
383,0.07566043740840638,0.09119460081292781,0.015534163404521434
384,0.07565333333511419,0.09120028814995616,0.015546954814841973
385,0.07564531704205929,0.09119926493179231,0.015553947889733022
386,0.0756340492315758,0.09119819924058789,0.015564150009012095
387,0.07562517963243841,0.09119966494438062,0.015574485311942207
388,0.07561755517223005,0.09120229414385068,0.015584738971620632
389,0.07560736493882969,0.09120966848591233,0.015602303547082641
390,0.07559562878759325,0.09121256344277713,0.015616934655183878
391,0.07558725750816588,0.09121580329618874,0.015628545788022863
392,0.07557953787568829,0.09121641459224013,0.01563687671655184
393,0.07557189779600412,0.09121932327096348,0.015647425474959356
394,0.07556229963118419,0.09122275964425029,0.015660460013066105
395,0.07555264664665907,0.09122609913120595,0.01567345248454688
396,0.07554155741827226,0.0912264528127208,0.015684895394448548
397,0.07553271768994989,0.09122896966238857,0.01569625197243868
398,0.07552008773217117,0.09122919861596979,0.015709110883798616
399,0.07550782595553948,0.0912324533931839,0.01572462743764441
400,0.0754948648813799,0.09123556726709786,0.015740702385717967
401,0.07548293148449932,0.0912374434573723,0.015754511972872975
402,0.07547609145087701,0.09123769521179775,0.015761603760920742
403,0.07546534281356819,0.09123667747555674,0.015771334661988545
404,0.07545769658426557,0.09123861767310278,0.015780921088837205
405,0.07544615698690887,0.0912435293829449,0.015797372396036027
406,0.07543772686418533,0.0912436815136496,0.01580595464946427
407,0.07542560340633576,0.09124880052566174,0.015823197119325977
408,0.0754180192809018,0.09125076315892224,0.01583274387802043
409,0.07540940656774696,0.09125070714436748,0.015841300576620518
410,0.07539823686796096,0.09124602774612788,0.015847790878166915
411,0.07538692079731524,0.09124270903410038,0.015855788236785143
412,0.07537760290165114,0.0912441963371432,0.015866593435492057
413,0.07536788267049642,0.09124633051117556,0.01587844784067914
414,0.07535558784065037,0.09125006007138359,0.015894472230733217
415,0.07534463684699938,0.0912519480187464,0.015907311171747027
416,0.07533547775875854,0.09125055214816126,0.01591507438940272
417,0.07532755396375387,0.0912525701236317,0.01592501615987782
418,0.07531885643672279,0.091253278035193,0.015934421598470208
419,0.07531211086334438,0.09125779144130154,0.015945680577957158
420,0.07530228266371847,0.09125678766552904,0.015954505001810573
421,0.0752924664170783,0.09125519643244415,0.015962730015365842
422,0.07528664024768071,0.09125667445927166,0.015970034211590947
423,0.07527904862828662,0.09124914641453183,0.01597009778624521
424,0.0752716547200399,0.09124773185471417,0.015976077134674277
425,0.07526555603193755,0.09124869306254658,0.015983137030609038
426,0.07525631228690971,0.09124824378011831,0.0159919314932086
427,0.075247857813739,0.09124790959607018,0.016000051782331187
428,0.0752411749170977,0.09124011158767416,0.01599893667057646
429,0.07523538200106238,0.09124321165435953,0.016007829653297154
430,0.07522963428156826,0.09124715977861275,0.016017525497044494
431,0.07521954255315598,0.09124593570405251,0.01602639315089653
432,0.07521196615944441,0.09124790694027951,0.016035940780835103
433,0.07520353210897184,0.09125374380195901,0.016050211692987176
434,0.07519520690553431,0.09125622349406537,0.016061016588531055
435,0.07518648335483365,0.09125746264586876,0.016070979291035112
436,0.07518046730422115,0.09126083338240103,0.016080366078179878
437,0.07517355970493385,0.09125942463969348,0.016085864934759636
438,0.07516539776014164,0.09126189616704995,0.016096498406908313
439,0.07515947564502716,0.09126346154130997,0.016103985896282813
440,0.07515009243775678,0.09126564725109504,0.016115554813338262
441,0.07514176907732867,0.09126630101137607,0.016124531934047406
442,0.07513214881560348,0.09126895573381143,0.016136806918207944
443,0.07512375950635286,0.09127195211849937,0.016148192612146506
444,0.07511568957339607,0.09127270765744035,0.01615701808404428
445,0.07510834101850225,0.09127415138834993,0.016165810369847683
446,0.07509949149833264,0.0912796429657538,0.01618015146742116
447,0.07509147224552182,0.09128558019050168,0.016194107944979858
448,0.07508429389430546,0.0912857321101729,0.016201438215867447
449,0.07507844378800305,0.09129087894624136,0.01621243515823831
450,0.07506979485542382,0.0912879675800994,0.016218172724675572
451,0.07506391441908888,0.0912873365663541,0.016223422147265215
452,0.07505564942493068,0.09129395838641359,0.016238308961482914
453,0.07504692684808921,0.09130169880960858,0.016254771961519365
454,0.07503837238866796,0.09130805616802752,0.016269683779359556
455,0.07503145414040817,0.09131241561767232,0.016280961477264155
456,0.07502416576028895,0.0913148518801387,0.016290686119849754
457,0.0750165705702087,0.09130933678460222,0.016292766214393517
458,0.07500894594703657,0.09131572776042172,0.016306781813385157
459,0.07499769858735715,0.09131359270997307,0.016315894122615915
460,0.07499024024588757,0.09131583159109588,0.016325591345208307
461,0.07498209773523302,0.09131808536230826,0.016335987627075235
462,0.07497631851789158,0.09132045117434903,0.016344132656457455
463,0.07496738473443654,0.09132231983611618,0.016354935101679638
464,0.07495972406874123,0.0913266667807952,0.016366942712053967
465,0.07495335713384707,0.09132770128548076,0.01637434415163369
466,0.0749454909792491,0.09133319712256088,0.01638770614331178
467,0.07493841050722194,0.09133662451720775,0.016398214009985812
468,0.07493150009457299,0.09133760841362497,0.016406108319051982
469,0.0749218227202734,0.09134145517874805,0.01641963245847465
470,0.07491241651778735,0.09134631875936865,0.016433902241581297
471,0.0749025445658626,0.09134720346142844,0.016444658895565845
472,0.074895440105502,0.09134630370854613,0.016450863603044125
473,0.07488856741427347,0.09134710897090921,0.016458541556635745
474,0.07488198119666287,0.09134612335943962,0.01646414216277675
475,0.07487372065001902,0.09134326785470262,0.016469547204683604
476,0.07486759874211936,0.09134210126288042,0.01647450252076106
477,0.07485879380245908,0.09134365026680942,0.016484856464350342
478,0.0748511447567877,0.0913461871684487,0.016495042411661
479,0.07484371525297188,0.0913539049851249,0.016510189732153013
480,0.07483527557923857,0.09135774432544036,0.016522468746201793
481,0.07482753411424231,0.09136142447872711,0.0165338903644848
482,0.07482141002280845,0.09136299447977152,0.016541584456963063
483,0.07481452200809789,0.09136478728234013,0.016550265274242235
484,0.07480597982567307,0.0913736471823224,0.01656766735664933
485,0.07479918436508529,0.0913749923162228,0.016575807951137514
486,0.07479309926748752,0.09137616421795952,0.016583064950472
487,0.07478583580391947,0.0913752610061946,0.016589425202275132
488,0.07477996793931994,0.09137899056463451,0.01659902262531457
489,0.07477048695800326,0.09137974324528883,0.016609256287285573
490,0.07476101059476757,0.09137898392221849,0.01661797332745092
491,0.07475544952050692,0.09137964519739414,0.01662419567688722
492,0.07474793681775344,0.09138059504616267,0.01663265822840923
493,0.07474316506379856,0.09138300121616835,0.01663983615236979
494,0.07473682218191406,0.09138326966923019,0.016646447487316127
495,0.07473155187469595,0.09138439368536284,0.016652841810666896
496,0.07472445480084651,0.09138631882421575,0.016661864023369236
497,0.07471730445488274,0.09138828429510212,0.016670979840219383
498,0.07471218960146193,0.09138662569065269,0.016674436089190753
499,0.07470479340535321,0.09138815787534335,0.016683364469990136
500,0.07469960696198047,0.09139271791299079,0.016693110951010323
501,0.07469166855034089,0.09139851287063108,0.016706844320290196
502,0.07468472229864287,0.09139958594762801,0.01671486364898514
503,0.07467671077749569,0.09140137876827976,0.01672466799078408
504,0.07467075769128147,0.09140264877907654,0.016731891087795076
505,0.07466282444736032,0.09140612559595869,0.016743301148598372
506,0.07465654338908466,0.09140867436520408,0.016752130976119425
507,0.07464921484010285,0.09141189835435547,0.016762683514252613
508,0.0746427119900226,0.09141434383440877,0.016771631844386167
509,0.07463581115467194,0.09142068171405272,0.016784870559380785
510,0.07463057403340638,0.09142287074400679,0.01679229671060041
511,0.07462427240850096,0.09142707877880439,0.01680280637030343
512,0.07461489242288526,0.09143184887168959,0.016816956448804335
513,0.07460806171729226,0.09143598353261785,0.016827921815325594
514,0.07460066834394186,0.09143360154993863,0.01683293320599677
515,0.07459395627781579,0.09143597033936426,0.016842014061548477
516,0.07458797180923826,0.09143689655499201,0.01684892474575375
517,0.07458011168310093,0.09143739792616665,0.01685728624306572
518,0.07457089488146876,0.09144022866380024,0.016869333782331478
519,0.07456591469478659,0.09144180520952484,0.016875890514738257
520,0.07456016183425966,0.09144486579698975,0.01688470396273009
521,0.07455484941669123,0.0914466431957841,0.016891793779092876
522,0.07454903975823907,0.09144720580687947,0.016898166048640403
523,0.07454156626561327,0.09144975709663425,0.016908190831020978
524,0.07453382021028648,0.09145395044030594,0.016920130230019453
525,0.07452728856768917,0.0914554291471439,0.01692814057945473
526,0.07452068088907302,0.09146248548702934,0.016941804597956328
527,0.07451414563555236,0.09146313599430057,0.01694899035874821
528,0.07450883134272435,0.09146250670118142,0.01695367535845707
529,0.07450311439557282,0.0914641510481259,0.01696103665255308
530,0.07449642491358771,0.09146457407308302,0.016968149159495308
531,0.07448736694338837,0.09146643288895824,0.016979065945569874
532,0.07447870336107987,0.09147033006112938,0.016991626700049514
533,0.07447131174416297,0.0914726766775559,0.017001364933392937
534,0.0744660099391146,0.09147387357070723,0.017007863631592623
535,0.07445902531215041,0.0914747845113662,0.017015759199215788
536,0.07445196277349087,0.09147517551679774,0.01702321274330687
537,0.07444541445190297,0.09148154429733438,0.017036129845431403
538,0.0744376591722343,0.09148216804280042,0.01704450887056612
539,0.07443222812968123,0.09148548551711391,0.017053257387432685
540,0.07442730158672523,0.09148476452112818,0.017057462934402953
541,0.07441952693251074,0.09148906720365603,0.017069540271145295
542,0.07441038170115001,0.09148954352330654,0.017079161822156533
543,0.07440393317925598,0.0914932625588888,0.017089329379632826
544,0.07439557575980635,0.09149800400553004,0.017102428245723694
545,0.07438969410263506,0.09149936141783907,0.01710966731520401
546,0.07438262399143467,0.09149929745705981,0.01711667346562515
547,0.07437574320490727,0.09149804611065784,0.017122302905750578
548,0.0743703301233999,0.0914999727426446,0.017129642619244698
549,0.0743622142086497,0.09151019206881536,0.017147977860165656
550,0.0743566289811572,0.09151136436132079,0.017154735380163585
551,0.07435114397342513,0.09151549785759243,0.017164353884167302
552,0.0743447935485899,0.09151682117941987,0.017172027630829964
553,0.07433925488938127,0.09151701806962681,0.01717776318024554
554,0.07433309279684529,0.09152131314042379,0.017188220343578503
555,0.07432578517058877,0.09152325184981717,0.017197466679228404
556,0.07431680738423874,0.09152501770230205,0.017208210318063313
557,0.07431057016093746,0.09152594905686516,0.017215378895927697
558,0.07430361575118154,0.0915264447342092,0.01722282898302767
559,0.07429900304343542,0.09152893266082783,0.017229929617392406
560,0.07429268063256377,0.09153318825220182,0.01724050761963805
561,0.074286516389229,0.09153584369801183,0.01724932730878284
562,0.0742805415305292,0.09153718712881596,0.01725664559828677
563,0.07427095277184215,0.09153601673643863,0.017265063964596483
564,0.07426346270669695,0.09153805924840275,0.017274596541705795
565,0.07425907239193968,0.09154281877617483,0.017283746384235146
566,0.0742527197006596,0.09154461519198302,0.017291895491323428
567,0.07424834678898405,0.09154611442605536,0.017297767637071304
568,0.07423849792031575,0.09154652025533153,0.01730802233501577
569,0.07423065369344552,0.09154991731296766,0.017319263619522143
570,0.07422474992002105,0.09155025633557412,0.01732550641555307
571,0.07421924229403869,0.09155162869516159,0.017332386401122904
572,0.0742139093129827,0.09155178513943117,0.017337875826448468
573,0.07420932073613845,0.09155492162709412,0.017345600890955673
574,0.07420418211291556,0.09155609189682515,0.01735190978390959
575,0.07419737437282356,0.09155202682454087,0.017354652451717315
576,0.07419270811582254,0.09155740768773941,0.017364699571916872
577,0.07418789410271445,0.09156214565373887,0.017374251551024414
578,0.07418099097167907,0.09156492053228651,0.017383929560607442
579,0.07417569782087918,0.09156708880636087,0.01739139098548169
580,0.0741688143175093,0.09157311843975732,0.017404304122248027
581,0.07416275965348855,0.09157329666871389,0.01741053701522534
582,0.0741589324599172,0.09157118952463765,0.01741225706472045
583,0.07415190679343514,0.09157459921391498,0.017422692420479835
584,0.07414739542027789,0.09157791287973949,0.0174305174594616
585,0.07414245587835658,0.0915794062293519,0.017436950350995323
586,0.07413681380863689,0.09158043887080512,0.017443625062168233
587,0.07413046680802435,0.09158038842563519,0.017449921617610845
588,0.07412528338880946,0.0915803698113908,0.01745508642258134
589,0.07412023367821144,0.09158474663013547,0.017464512951924027
590,0.07411472682008699,0.09158449627152511,0.01746976945143812
591,0.07410854423149954,0.09157919310454188,0.017470648873042338
592,0.07410401389294462,0.09158193939684843,0.017477925503903813
593,0.07409814414329272,0.09158472419384435,0.017486580050551634
594,0.07409308997096047,0.09158435820076974,0.017491268229809273
595,0.07408914863468012,0.09158957853366889,0.01750042989898877
596,0.07408489471907724,0.09159120147598537,0.017506306756908133
597,0.07407836029259997,0.09159248605299121,0.01751412576039124
598,0.07407384380244476,0.09159636586938286,0.017522522066938093
599,0.07406832192364485,0.0915985941535998,0.017530272229954957
600,0.07406361325553375,0.09159845798030687,0.017534844724773124
601,0.07405757772965987,0.09159562021793746,0.01753804248827759
602,0.07405075440241209,0.09159805612294059,0.0175473017205285
603,0.07404758245331249,0.09160130095791184,0.017553718504599358
604,0.0740417775656936,0.09160349903444555,0.017561721468751942
605,0.07403609453492045,0.09160475802964903,0.017568663494728576
606,0.07403083385193991,0.09161035574466028,0.01757952189272037
607,0.0740265229180351,0.09161247115264565,0.017585948234610543
608,0.07402240687808598,0.09161537506004308,0.017592968181957103
609,0.07401383479515826,0.09161696068221487,0.017603125887056606
610,0.07400875576854075,0.09161719965971417,0.017608443891173414
611,0.07399867884549642,0.09161593965406797,0.017617260808571553
612,0.07399385830021502,0.0916169707023797,0.017623112402164687
613,0.07398842570038094,0.0916179804402086,0.01762955473982765
614,0.07398192992786433,0.0916232907915221,0.017641360863657765
615,0.07397650100148562,0.09162744217738439,0.01765094117589877
616,0.07397139753247288,0.0916297457689287,0.017658348236455818
617,0.0739659220808995,0.09163057827078558,0.01766465618988608
618,0.07395982816847209,0.09163516190592798,0.01767533373745589
619,0.0739538362117486,0.09163742924216776,0.017683593030419165
620,0.0739452878077417,0.09163651097571024,0.017691223167968534
621,0.07393901219057324,0.09164010198693885,0.017701089796365616
622,0.07393159490133469,0.09164264006204147,0.017711045160706776
623,0.07392551001821152,0.09164328101396509,0.01771777099575357
624,0.07391828677593583,0.09164883170816596,0.017730544932230127
625,0.07391298820666048,0.09164894469576826,0.01773595648910778
626,0.07390849678097818,0.09165068477462052,0.01774218799364234
627,0.07390193051540452,0.09165455896527241,0.0177526284498679
628,0.07389554729665529,0.09165842555089271,0.01776287825423742
629,0.07389027691804935,0.0916593049805034,0.017769028062454048
630,0.07388453470144252,0.09166492588123157,0.01778039117978905
631,0.07387981175288683,0.0916682458989558,0.017788434146068968
632,0.07387510612070632,0.0916702356237024,0.017795129502996082
633,0.07386821048825193,0.09167537294214247,0.017807162453890538
634,0.07386372977501986,0.0916765110520328,0.01781278127701294
635,0.07385467115822157,0.09168048700764467,0.017825815849423096
636,0.07384410855926546,0.09168758022046347,0.017843471661198013
637,0.07383827531066989,0.09168729116922093,0.017849015858551046
638,0.07383278616762576,0.09169106175624894,0.017858275588623185
639,0.0738264196633225,0.09169099004682041,0.01786457038349791
640,0.07381997606312594,0.09169403432455443,0.017874058261428488
641,0.07381153709153464,0.09169647314968865,0.017884936058154013
642,0.07380592553030246,0.09169780081700822,0.017891875286705758
643,0.07380119257400242,0.09169927148756873,0.017898078913566318
644,0.07379528868472808,0.0916976980098154,0.017902409325087326
645,0.07378864358379546,0.09169909401778155,0.01791045043398609
646,0.07378133003047609,0.09170093207426458,0.017919602043788493
647,0.07377583682281622,0.09170571789957646,0.017929881076760246
648,0.0737702445543611,0.09170592172735678,0.017935677172995684
649,0.07376449939616235,0.09170749529460655,0.017942995898444197
650,0.07375766286047508,0.09170835191331163,0.017950689052836546
651,0.07374999903003919,0.09171053067218225,0.017960531642143063
652,0.0737440290386609,0.09171180327276154,0.017967774234100647
653,0.07373809885944047,0.09171588729101664,0.017977788431576172
654,0.0737335269154789,0.09171799191245537,0.01798446499697648
655,0.07372704455623041,0.09171925011822002,0.017992205561989605
656,0.07372191312231084,0.0917222838344043,0.018000370712093455
657,0.07371673714797164,0.09172148755355246,0.01800475040558082
658,0.07371312306539983,0.09172311999805209,0.01800999693265226
659,0.07370741007984424,0.09172470727195184,0.018017297192107595
660,0.07370128987913423,0.0917243756897107,0.018023085810576475
661,0.07369675339953906,0.0917261993227792,0.018029445923240142
662,0.07369044048934903,0.09172825185220822,0.018037811362859188
663,0.07368679564733321,0.09173056285861277,0.01804376721127955
664,0.07368109986023401,0.09173383617819572,0.018052736317961712
665,0.07367457152844717,0.09173446900666485,0.01805989747821768
666,0.07366872518332616,0.09174053889913426,0.0180718137158081
667,0.0736639792285658,0.09174533707559386,0.018081357847028065
668,0.07365539472682825,0.09174958023852708,0.018094185511698835
669,0.07364993475510283,0.09174760547410032,0.018097670718997497
670,0.07364392074993988,0.09175087304965657,0.01810695229971669
671,0.07363996880653022,0.09175410944789678,0.018114140641366558
672,0.07363344655372131,0.09175571135965588,0.018122264805934568
673,0.07362835517635839,0.09175779455940554,0.018129439383047147
674,0.07362361511464575,0.0917581578854088,0.01813454277076304
675,0.0736174811408135,0.09176064018542529,0.018143159044611792
676,0.07361044853549603,0.0917645976649958,0.018154149129499766
677,0.07360547090121915,0.09176665732446748,0.018161186423248335
678,0.07360044415254462,0.09176740726758817,0.018166963115043552
679,0.07359482010937994,0.09176666204384759,0.01817184193446765
680,0.07358901070463612,0.09177337099552715,0.01818436029089103
681,0.07358273031905928,0.09177188317159383,0.018189152852534557
682,0.07357637024340571,0.0917738020839447,0.018197431840538986
683,0.07357133029735981,0.09177837401068309,0.01820704371332328
684,0.07356428032316796,0.091779492405375,0.01821521208220704
685,0.0735588498032141,0.09178265027738013,0.018223800474166024
686,0.07355276159378457,0.09178581684839658,0.01823305525461201
687,0.07354696005141298,0.0917859800146433,0.018239019963230324
688,0.07354127740057492,0.09178575645822981,0.01824447905765489
689,0.07353551047132242,0.0917865069577131,0.01825099648639067
690,0.07352991044829317,0.09178789306943722,0.018257982621144045
691,0.07352518237737633,0.09178970155995514,0.018264519182578806
692,0.07351949628429989,0.0917903835402266,0.01827088725592671
693,0.07351421747248214,0.09179390183856644,0.018279684366084292
694,0.0735084946472744,0.09179651659340445,0.01828802194613005
695,0.07350358611199105,0.09179761490630196,0.018294028794310913
696,0.07349779876257433,0.091798811164262,0.018301012401687675
697,0.07349411967439229,0.09180015400545802,0.01830603433106573
698,0.07349021192658403,0.09180270977976941,0.01831249785318538
699,0.0734835379904033,0.09180425134050808,0.01832071335010478
700,0.07347885290950658,0.09180434670141803,0.01832549379191145
701,0.07347364951303803,0.09180540280820151,0.018331753295163483
702,0.07346788059758202,0.09180653800649671,0.018338657408914688
703,0.07346104432765202,0.09180723114225815,0.018346186814606133
704,0.07345579420087392,0.09180920468342295,0.01835341048254903
705,0.07344984143499445,0.09181220827445379,0.01836236683945934
706,0.07344340146219154,0.09181300634762382,0.01836960488543228
707,0.07343906587679934,0.09181428430571148,0.01837521842891214
708,0.07343473989880137,0.09181677110973796,0.018382031210936595
709,0.07342999723589486,0.09181825864217794,0.01838826140628308
710,0.07342453844466339,0.09181731710207301,0.018392778657409625
711,0.07341899933919693,0.09182063602893877,0.018401636689741832
712,0.073414218376924,0.0918211915986294,0.01840697322170541
713,0.07340993416568142,0.09182487800582977,0.018414943840148343
714,0.07340586772655493,0.09182601588482145,0.018420148158266522
715,0.07340158641635144,0.09182996632053865,0.018428379904187206
716,0.07339766543764005,0.09183049634769337,0.01843283091005332
717,0.07339321415732275,0.09183059207534508,0.01843737791802233
718,0.07338695194447287,0.09183424420321276,0.018447292258739895
719,0.07338261569315618,0.09183590084702187,0.018453285153865684
720,0.07337596918737797,0.09183981146272367,0.0184638422753457
721,0.07337074568627541,0.09183880123900307,0.018468055552727652
722,0.0733677932043167,0.09183907709635361,0.018471283892036908
723,0.07336203662017492,0.09183845404992205,0.018476417429747136
724,0.07335739585740804,0.09184019950803111,0.018482803650623075
725,0.07335406152240931,0.09184627686167174,0.01849221533926243
726,0.07334867880374349,0.09184691297108127,0.018498234167337785
727,0.07334455910822678,0.09184686816777649,0.018502309059549707
728,0.07334011421230559,0.09184818819222954,0.018508073979923947
729,0.07333464168301486,0.09185001947027464,0.018515377787259785
730,0.07332945113623278,0.09185053953001522,0.018521088393782442
731,0.07332645914548531,0.09185165654916297,0.018525197403677654
732,0.07332150567643729,0.09185517218969236,0.018533666513255068
733,0.07331712670965478,0.09185633881644359,0.018539212106788813
734,0.07331204255378285,0.09185898150731277,0.01854693895352992
735,0.0733064269900878,0.0918607238479893,0.018554296857901498
736,0.07330185842730773,0.09186193680603148,0.018560078378723754
737,0.07329647711547009,0.09186307405393859,0.018566596938468502
738,0.07329082140715469,0.09186441400739735,0.01857359260024266
739,0.0732865169967289,0.09186353221569142,0.018577015218962517
740,0.07328243685507219,0.09186438881179262,0.01858195195672044
741,0.07327860258767577,0.09186796996607527,0.0185893673783995
742,0.0732709065585545,0.09186530883644609,0.01859440227789158
743,0.07326621478607942,0.09186685904457914,0.01860064425849972
744,0.07325928635741678,0.09186570109926595,0.018606414741849167
745,0.07325388785364967,0.09186914313434784,0.01861525528069817
746,0.07324710325291638,0.09187261508189364,0.01862551182897726
747,0.07324151779722113,0.09187367116688566,0.018632153369664534
748,0.07323549248717827,0.09187590128484974,0.018640408797671468
749,0.07322824462016296,0.09188350377062753,0.018655259150464565
750,0.07322397558207418,0.09188494067670643,0.018660965094632248
751,0.07321676209761507,0.0918877174788721,0.01867095538125703
752,0.07321117792999739,0.09188770144777939,0.018676523517781998
753,0.07320641095653466,0.0918908418485469,0.018684430892012244
754,0.0732012708697795,0.0918895457531559,0.018688274883376405
755,0.07319651065444875,0.09189352649767145,0.018697015843222697
756,0.07319202995717729,0.0918929778564778,0.01870094789930052
757,0.07318684249097418,0.09189666840971672,0.01870982591874254
758,0.07318205921363678,0.09189902846040958,0.018716969246772797
759,0.07317583293362549,0.09190125636559639,0.018725423431970895
760,0.07317093610745191,0.09190633558607353,0.018735399478621614
761,0.07316687122879133,0.09190707536060515,0.01874020413181382
762,0.07316186938985225,0.09190981673500133,0.018747947345149077
763,0.07315631238966594,0.09191128490037351,0.018754972510707568
764,0.0731498174495603,0.09191227982302398,0.018762462373463684
765,0.07314498568279544,0.09190851309592986,0.018763527413134418
766,0.07313994686424824,0.09190929810784708,0.01876935124359884
767,0.07313307934348497,0.09191253224750803,0.018779452904023067
768,0.07313042660951777,0.09191688246201118,0.018786455852493417
769,0.07312444301367865,0.0919175117225672,0.01879306870888854
770,0.07312114239011573,0.09191927296061655,0.018798130570500823
771,0.07311654328227118,0.09192186437119731,0.01880532108892613
772,0.07311218470176782,0.09192381359990043,0.018811628898132607
773,0.0731077917128414,0.09192542770071885,0.018817635987877446
774,0.07310336721702211,0.09192590592669656,0.018822538709674444
775,0.07309906428344855,0.09192782910249327,0.01882876481904472
776,0.07309416881271114,0.09192884322932968,0.01883467441661854
777,0.07308754898806684,0.09193070238004332,0.01884315339197648
778,0.07308352944813576,0.09193042820535108,0.01884689875721532
779,0.07307992640182655,0.09193184507982802,0.01885191867800147
780,0.07307466574435656,0.09193632829004802,0.018861662545691465
781,0.0730694640148955,0.09193747339638737,0.01886800938149187
782,0.07306439496252334,0.09194055099458583,0.018876156032062483
783,0.07306071927632511,0.09194034567385334,0.01887962639752823
784,0.07305497903649506,0.09193986343623983,0.01888488439974477
785,0.07304953558919978,0.09193941397392408,0.018889878384724293
786,0.07304522256251797,0.0919415705764401,0.018896348013922135
787,0.07304096507756629,0.09194405974331053,0.018903094665744247
788,0.07303506556357182,0.09194657014086233,0.018911504577290503
789,0.07302981407591612,0.09194665698180018,0.018916842905884065
790,0.07302639387916185,0.09194863264510096,0.01892223876593911
791,0.07302121255321958,0.09195310888396567,0.018931896330746087
792,0.07301694359369926,0.09195363317292085,0.018936689579221594
793,0.07301045065106011,0.09195211014476595,0.01894165949370584
794,0.07300337661696754,0.091954019834461,0.018950643217493457
795,0.07299611225469892,0.09195458619948321,0.018958473944784296
796,0.07299270834748797,0.09195626430260014,0.018963555955112163
797,0.0729862443173711,0.09196120357163862,0.018974959254267523
798,0.07298173643294621,0.09196177097637961,0.018980034543433402
799,0.07297655145094749,0.09196537583719341,0.018988824386245926
800,0.072973216702315,0.09196717875322234,0.018993962050907337
801,0.07296687388978616,0.09197285009893529,0.019005976209149122
802,0.07296325660596995,0.09197631224651986,0.01901305564054992
803,0.07295756517164825,0.09197913937638975,0.0190215742047415
804,0.07295270620868946,0.09197841076853688,0.019025704559847423
805,0.07294850942255793,0.091979984745826,0.01903147532326807
806,0.0729447575207111,0.09198477713619613,0.01904001961548503
807,0.07293957999403518,0.09198706389005337,0.019047483896018194
808,0.07293555286186043,0.09199235338929693,0.019056800527436496
809,0.07292973931586734,0.09199135841250257,0.01906161909663523
810,0.07292484427470396,0.09199287948147696,0.019068035206773
811,0.07291950398839607,0.09199542071267884,0.01907591672428277
812,0.07291417536907714,0.09199503744866812,0.019080862079590977
813,0.07291016739257358,0.09199858152776459,0.01908841413519101
814,0.07290664771790382,0.09200156012783445,0.019094912409930623
815,0.07290228673964333,0.09200211776382257,0.01909983102417924
816,0.07289631275028334,0.09200605597486897,0.019109743224585626
817,0.07289108702637163,0.09200674994227555,0.019115662915903914
818,0.07288622306546072,0.09200809668417322,0.019121873618712495
819,0.07288266789602324,0.09201341527615359,0.019130747380130347
820,0.07287726915824158,0.09201405974919019,0.01913679059094861
821,0.07287321827547354,0.09201879710505219,0.019145578829578652
822,0.07286760364145285,0.09202129456439492,0.01915369092294207
823,0.07286065567904892,0.09202073065346085,0.019160074974411925
824,0.07285582282072438,0.092021393511017,0.01916557069029262
825,0.0728514599824827,0.09202564575784869,0.01917418577536599
826,0.07284454681108085,0.09202820988467615,0.0191836630735953
827,0.07284048968255279,0.09202947366694986,0.01918898398439707
828,0.07283368300675333,0.09203061869988716,0.019196935693133826
829,0.07282915205035323,0.09203369311022708,0.019204541059873848
830,0.07282317840657059,0.09203460099035429,0.019211422583783708
831,0.07281836932072629,0.09203711409128594,0.019218744770559654
832,0.07281375985247245,0.09203795847036567,0.01922419861789322
833,0.07280968252756378,0.09203844880895033,0.019228766281386547
834,0.07280475098187132,0.09203882524692114,0.01923407426504982
835,0.07280022487539206,0.09204044585496703,0.019240220979574965
836,0.07279541768875394,0.09204236356918714,0.0192469458804332
837,0.07279097600003656,0.09204185074703657,0.019250874747000005
838,0.07278743336815093,0.09204416321908375,0.019256729850932824
839,0.07278275609648058,0.0920485040354391,0.019265747938958522
840,0.07277857995626476,0.09205317123921375,0.01927459128294899
841,0.07277437799501141,0.09205647340782172,0.019282095412810313
842,0.07277085735998894,0.09205769595325305,0.01928683859326412
843,0.07276722707892501,0.09205997779487103,0.019292750715946022
844,0.07276168169724982,0.09206038828423402,0.019298706586984196
845,0.072758129103566,0.0920622910021124,0.019304161898546404
846,0.07275546284014102,0.09206339794854841,0.019307935108407392
847,0.07275063722857927,0.09206549696510954,0.01931485973653027
848,0.07274495866848614,0.09206957955759838,0.019324620889112243
849,0.07273954064427848,0.09207078284616772,0.01933124220188924
850,0.07273449449917088,0.09207376028981656,0.019339265790645682
851,0.07272869564808701,0.0920745362389716,0.019345840590884594
852,0.07272516579948493,0.09207573135050247,0.019350565551017537
853,0.07272113277150048,0.09207683484943949,0.019355702077939005
854,0.07271644133594043,0.09207741879576169,0.019360977459821252
855,0.07271250198700083,0.09208078366515188,0.01936828167815105
856,0.07270929104955198,0.0920821198256425,0.01937282877609052
857,0.07270401353022991,0.09208270300998685,0.019378689479756933
858,0.07269954062326157,0.09208431873937765,0.01938477811611608
859,0.07269523444073588,0.09208502737673302,0.019389792935997144
860,0.0726912143360757,0.09208591009534271,0.019394695759267014
