c_u,c_o,q_star,waste_ours,waste_naive,waste_reduction_pct,stockout_rate_ours,stockout_rate_naive,cost_ours,cost_naive,cost_savings_pct
0.25,1.0,0.2,1470.04,13081.33,88.76,0.7994,0.454,5666.89,15311.89,62.99
0.5,1.0,0.3333,3153.58,13081.33,75.89,0.6663,0.454,9231.86,17542.46,47.37
1.0,1.0,0.5,6441.86,13081.33,50.76,0.5001,0.454,13993.73,22003.6,36.4
2.0,1.0,0.6667,11755.04,13081.33,10.14,0.3334,0.454,19265.43,30925.88,37.7
3.0,1.0,0.75,14981.17,13081.33,-14.52,0.2501,0.454,22260.38,39848.15,44.14
4.0,1.0,0.8,17099.09,13081.33,-30.71,0.2,0.454,24344.58,48770.43,50.08
6.0,1.0,0.8571,19687.04,13081.33,-50.5,0.1429,0.454,27342.77,66614.98,58.95
9.0,1.0,0.9,21745.1,13081.33,-66.23,0.1,0.454,30668.45,93381.81,67.16
19.0,1.0,0.95,30916.75,13081.33,-136.34,0.05,0.454,35625.64,182604.57,80.49
